r1,r2,r3,a1,b1,a2,b2,a3,b3
1,2,3,6,1,12,1,18,1
1,2,5,10,7,20,13,50,31
1,2,7,14,3,28,5,98,15
1,2,11,22,5,44,9,242,45
1,2,13,26,19,52,37,338,235
1,2,17,34,25,68,49,578,409
1,2,19,38,9,76,17,722,153
1,2,23,46,11,92,21,1058,231
1,2,29,58,43,116,85,1682,1219
1,2,31,62,15,124,29,1922,435
1,3,4,12,5,36,13,48,17
1,3,5,15,13,45,37,75,61
1,3,7,21,2,63,4,147,8
1,3,8,24,13,72,37,192,97
1,3,10,30,23,90,67,300,221
1,3,11,33,7,99,19,363,67
1,3,13,39,17,117,49,507,209
1,3,14,42,37,126,109,588,505
1,3,16,48,5,144,13,768,65
1,3,17,51,28,153,82,867,460
1,3,19,57,44,171,130,1083,818
1,3,20,60,13,180,37,1200,241
1,3,22,66,29,198,85,1452,617
1,3,23,69,61,207,181,1587,1381
1,3,26,78,43,234,127,2028,1093
1,3,28,84,65,252,193,2352,1793
1,3,29,87,19,261,55,2523,523
1,3,31,93,41,279,121,2883,1241
1,3,32,96,85,288,253,3072,2689
1,4,5,20,11,80,41,100,51
1,4,7,28,5,112,17,196,29
1,4,11,44,41,176,161,484,441
1,4,13,52,3,208,9,676,27
1,4,17,68,55,272,217,1156,919
1,4,19,76,33,304,129,1444,609
1,4,23,92,17,368,65,2116,369
1,4,29,116,7,464,25,3364,175
1,4,31,124,85,496,337,3844,2605
1,5,6,30,19,150,91,180,109
1,5,7,35,32,175,156,245,218
1,5,8,40,3,200,11,320,17
1,5,11,55,24,275,116,605,254
1,5,12,60,7,300,31,720,73
1,5,13,65,18,325,86,845,222
1,5,14,70,11,350,51,980,141
1,5,16,80,19,400,91,1280,289
1,5,17,85,27,425,131,1445,443
1,5,18,90,43,450,211,1620,757
1,5,19,95,91,475,451,1805,1711
1,5,22,110,57,550,281,2420,1233
1,5,23,115,78,575,386,2645,1772
1,5,24,120,91,600,451,2880,2161
1,5,26,130,109,650,541,3380,2809
1,5,28,140,123,700,611,3920,3417
1,5,29,145,81,725,401,4205,2321
1,5,31,155,99,775,491,4805,3039
1,5,32,160,147,800,731,5120,4673
1,6,7,42,29,252,169,294,197
1,6,11,66,31,396,181,726,331
1,6,13,78,41,468,241,1014,521
1,6,17,102,31,612,181,1734,511
1,6,19,114,41,684,241,2166,761
1,6,23,138,19,828,109,3174,415
1,6,29,174,169,1044,1009,5046,4873
1,6,31,186,5,1116,25,5766,125
1,7,8,56,41,392,281,448,321
1,7,10,70,37,490,253,700,361
1,7,11,77,47,539,323,847,507
1,7,12,84,53,588,365,1008,625
1,7,13,91,50,637,344,1183,638
1,7,16,112,73,784,505,1792,1153
1,7,17,119,114,833,792,2023,1922
1,7,18,126,5,882,29,2268,73
1,7,19,133,46,931,316,2527,856
1,7,20,140,57,980,393,2800,1121
1,7,22,154,69,1078,477,3388,1497
1,7,23,161,59,1127,407,3703,1335
1,7,24,168,65,1176,449,4032,1537
1,7,26,182,11,1274,71,4732,261
1,7,29,203,62,1421,428,5887,1770
1,7,30,210,17,1470,113,6300,481
1,7,31,217,177,1519,1233,6727,5457
1,7,32,224,201,1568,1401,7168,6401
1,8,11,88,37,704,289,968,397
1,8,13,104,99,832,785,1352,1275
1,8,17,136,87,1088,689,2312,1463
1,8,19,152,45,1216,353,2888,837
1,8,23,184,89,1472,705,4232,2025
1,8,29,232,163,1856,1297,6728,4699
1,8,31,248,89,1984,705,7688,2729
1,10,11,110,89,1100,881,1210,969
1,10,13,130,113,1300,1121,1690,1457
1,10,17,170,107,1700,1061,2890,1803
1,10,19,190,131,1900,1301,3610,2471
1,10,23,230,223,2300,2221,5290,5107
1,10,29,290,171,2900,1701,8410,4931
1,10,31,310,189,3100,1881,9610,5829
1,11,12,132,109,1452,1189,1584,1297
1,11,13,143,137,1573,1497,1859,1769
1,11,14,154,117,1694,1277,2156,1625
1,11,16,176,13,1936,133,2816,193
1,11,17,187,20,2057,210,3179,324
1,11,18,198,157,2178,1717,3564,2809
1,11,19,209,202,2299,2212,3971,3820
1,11,20,220,149,2420,1629,4400,2961
1,11,23,253,186,2783,2036,5819,4256
1,11,24,264,181,2904,1981,6336,4321
1,11,26,286,85,3146,925,7436,2185
1,11,28,308,229,3388,2509,8624,6385
1,11,29,319,311,3509,3411,9251,8991
1,11,30,330,169,3630,1849,9900,5041
1,11,31,341,138,3751,1508,10571,4248
1,11,32,352,221,3872,2421,11264,7041
1,12,13,156,131,1872,1561,2028,1691
1,12,17,204,7,2448,73,3468,103
1,12,19,228,125,2736,1489,4332,2357
1,12,23,276,205,3312,2449,6348,4693
1,12,29,348,331,4176,3961,10092,9571
1,12,31,372,173,4464,2065,11532,5333
1,13,14,182,155,2366,2003,2548,2157
1,13,16,208,43,2704,547,3328,673
1,13,17,221,81,2873,1041,3757,1361
1,13,18,234,83,3042,1067,4212,1477
1,13,19,247,54,3211,690,4693,1008
1,13,20,260,63,3380,807,5200,1241
1,13,22,286,49,3718,625,6292,1057
1,13,23,299,191,3887,2471,6877,4371
1,13,24,312,59,4056,755,7488,1393
1,13,28,364,71,4732,911,10192,1961
1,13,29,377,368,4901,4772,10933,10644
1,13,30,390,263,5070,3407,11700,7861
1,13,31,403,174,5239,2250,12493,5364
1,13,32,416,379,5408,4915,13312,12097
1,14,17,238,23,3332,309,4046,375
1,14,19,266,137,3724,1905,5054,2585
1,14,23,322,87,4508,1205,7406,1979
1,14,29,406,321,5684,4481,11774,9281
1,14,31,434,135,6076,1877,13454,4155
1,16,17,272,239,4352,3809,4624,4047
1,16,19,304,165,4864,2625,5776,3117
1,16,23,368,217,5888,3457,8464,4969
1,16,29,464,299,7424,4769,13456,8643
1,16,31,496,401,7936,6401,15376,12401
1,17,18,306,271,5202,4591,5508,4861
1,17,19,323,314,5491,5322,6137,5948
1,17,20,340,147,5780,2483,6800,2921
1,17,22,374,163,6358,2755,8228,3565
1,17,23,391,303,6647,5135,8993,6947
1,17,24,408,199,6936,3367,9792,4753
1,17,26,442,185,7514,3129,11492,4785
1,17,28,476,275,8092,4659,13328,7673
1,17,29,493,75,8381,1259,14297,2147
1,17,30,510,217,8670,3673,15300,6481
1,17,31,527,516,8959,8756,16337,15966
1,17,32,544,111,9248,1871,17408,3521
1,18,19,342,305,6156,5473,6498,5777
1,18,23,414,313,7452,5617,9522,7177
1,18,29,522,211,9396,3781,15138,6091
1,18,31,558,353,10044,6337,17298,10913
1,19,20,380,341,7220,6461,7600,6801
1,19,22,418,367,7942,6955,9196,8053
1,19,23,437,52,8303,970,10051,1174
1,19,24,456,53,8664,989,10944,1249
1,19,26,494,483,9386,9159,12844,12533
1,19,28,532,249,10108,4713,14896,6945
1,19,29,551,264,10469,4998,15979,7628
1,19,30,570,221,10830,4181,17100,6601
1,19,31,589,106,11191,1996,18259,3256
1,19,32,608,453,11552,8589,19456,14465
1,20,23,460,353,9200,7041,10580,8097
1,20,29,580,71,11600,1401,16820,2031
1,20,31,620,389,12400,7761,19220,12029
1,22,23,506,461,11132,10121,11638,10581
1,22,29,638,25,14036,529,18502,697
1,22,31,682,193,15004,4225,21142,5953
1,23,24,552,505,12696,11593,13248,12097
1,23,26,598,61,13754,1381,15548,1561
1,23,28,644,101,14812,2301,18032,2801
1,23,29,667,295,15341,6763,19343,8527
1,23,30,690,13,15870,277,20700,361
1,23,31,713,66,16399,1496,22103,2016
1,23,32,736,281,16928,6441,23552,8961
1,24,29,696,499,16704,11953,20184,14443
1,24,31,744,257,17856,6145,23064,7937
1,26,29,754,329,19604,8529,21866,9513
1,26,31,806,707,20956,18357,24986,21887
1,28,29,812,755,22736,21113,23548,21867
1,28,31,868,765,24304,21393,26908,23685
1,29,30,870,811,25230,23491,26100,24301
1,29,31,899,884,26071,25608,27869,27374
1,29,32,928,715,26912,20707,29696,22849
1,30,31,930,869,27900,26041,28830,26909
1,31,32,992,929,30752,28769,31744,29697
2,3,5,60,41,90,61,150,101
2,3,7,84,25,126,37,294,85
2,3,11,132,113,198,169,726,617
2,3,13,156,73,234,109,1014,469
2,3,17,204,5,306,7,1734,35
2,3,19,228,145,342,217,2166,1369
2,3,23,276,53,414,79,3174,599
2,3,29,348,125,522,187,5046,1799
2,3,31,372,361,558,541,5766,5581
2,5,7,140,29,350,71,490,99
2,5,11,220,213,550,531,1210,1167
2,5,13,260,101,650,251,1690,651
2,5,17,340,309,850,771,2890,2619
2,5,19,380,277,950,691,3610,2623
2,5,23,460,41,1150,101,5290,461
2,5,29,580,17,1450,41,8410,233
2,5,31,620,353,1550,881,9610,5457
2,7,11,308,17,1078,57,1694,89
2,7,13,364,9,1274,29,2366,53
2,7,17,476,109,1666,379,4046,919
2,7,19,532,225,1862,785,5054,2129
2,7,23,644,601,2254,2101,7406,6901
2,7,29,812,733,2842,2563,11774,10615
2,7,31,868,137,3038,477,13454,2109
2,11,13,572,417,3146,2289,3718,2705
2,11,17,748,601,4114,3301,6358,5101
2,11,19,836,613,4598,3367,7942,5815
2,11,23,1012,625,5566,3433,11638,7177
2,11,29,1276,941,7018,5171,18502,13631
2,11,31,1364,617,7502,3389,21142,9549
2,13,17,884,825,5746,5357,7514,7005
2,13,19,988,849,6422,5513,9386,8057
2,13,23,1196,681,7774,4421,13754,7821
2,13,29,1508,1113,9802,7229,21866,16125
2,13,31,1612,1557,10478,10115,24986,24119
2,17,19,1292,305,10982,2585,12274,2889
2,17,23,1564,997,13294,8467,17986,11455
2,17,29,1972,1629,16762,13839,28594,23607
2,17,31,2108,505,17918,4285,32674,7813
2,19,23,1748,541,16606,5131,20102,6211
2,19,29,2204,2181,20938,20711,31958,31611
2,19,31,2356,801,22382,7601,36518,12401
2,23,29,2668,1257,30682,14445,38686,18213
2,23,31,2852,845,32798,9707,44206,13083
2,29,31,3596,869,52142,12587,55738,13455
3,4,5,180,73,240,97,300,121
3,4,7,252,211,336,281,588,491
3,4,11,396,343,528,457,1452,1255
3,4,13,468,373,624,497,2028,1613
3,4,17,612,505,816,673,3468,2857
3,4,19,684,175,912,233,4332,1103
3,4,23,828,235,1104,313,6348,1795
3,4,29,1044,253,1392,337,10092,2437
3,4,31,1116,751,1488,1001,11532,7751
3,5,7,315,271,525,451,735,631
3,5,8,360,169,600,281,960,449
3,5,11,495,457,825,761,1815,1673
3,5,13,585,379,975,631,2535,1639
3,5,14,630,313,1050,521,2940,1457
3,5,16,720,217,1200,361,3840,1153
3,5,17,765,421,1275,701,4335,2381
3,5,19,855,748,1425,1246,5415,4732
3,5,22,990,721,1650,1201,7260,5281
3,5,23,1035,349,1725,581,7935,2669
3,5,26,1170,457,1950,761,10140,3953
3,5,28,1260,649,2100,1081,11760,6049
3,5,29,1305,1258,2175,2096,12615,12152
3,5,31,1395,1072,2325,1786,14415,11068
3,5,32,1440,601,2400,1001,15360,6401
3,7,8,504,235,1176,547,1344,625
3,7,10,630,391,1470,911,2100,1301
3,7,11,693,64,1617,148,2541,232
3,7,13,819,787,1911,1835,3549,3407
3,7,16,1008,1003,2352,2339,5376,5345
3,7,17,1071,937,2499,2185,6069,5305
3,7,19,1197,670,2793,1562,7581,4238
3,7,20,1260,451,2940,1051,8400,3001
3,7,22,1386,823,3234,1919,10164,6029
3,7,23,1449,982,3381,2290,11109,7522
3,7,26,1638,397,3822,925,14196,3433
3,7,29,1827,1810,4263,4222,17661,17488
3,7,31,1953,1399,4557,3263,20181,14447
3,7,32,2016,379,4704,883,21504,4033
3,8,11,792,727,2112,1937,2904,2663
3,8,13,936,505,2496,1345,4056,2185
3,8,17,1224,1213,3264,3233,6936,6869
3,8,19,1368,1351,3648,3601,8664,8551
3,8,23,1656,1555,4416,4145,12696,11915
3,8,29,2088,25,5568,65,20184,233
3,8,31,2232,19,5952,49,23064,187
3,10,11,990,487,3300,1621,3630,1783
3,10,13,1170,859,3900,2861,5070,3719
3,10,17,1530,1171,5100,3901,8670,6631
3,10,19,1710,13,5700,41,10830,77
3,10,23,2070,1819,6900,6061,15870,13939
3,10,29,2610,1963,8700,6541,25230,18967
3,10,31,2790,877,9300,2921,28830,9053
3,11,13,1287,1126,4719,4126,5577,4876
3,11,14,1386,43,5082,155,6468,197
3,11,16,1584,919,5808,3367,8448,4897
3,11,17,1683,808,6171,2960,9537,4574
3,11,19,1881,397,6897,1453,11913,2509
3,11,20,1980,7,7260,23,13200,41
3,11,23,2277,52,8349,188,17457,392
3,11,26,2574,2257,9438,8273,22308,19553
3,11,28,2772,379,10164,1387,25872,3529
3,11,29,2871,295,10527,1079,27753,2843
3,11,31,3069,73,11253,265,31713,745
3,11,32,3168,1015,11616,3719,33792,10817
3,13,14,1638,829,7098,3589,7644,3865
3,13,16,1872,337,8112,1457,9984,1793
3,13,17,1989,685,8619,2965,11271,3877
3,13,19,2223,409,9633,1769,14079,2585
3,13,20,2340,2269,10140,9829,15600,15121
3,13,22,2574,1291,11154,5591,18876,9461
3,13,23,2691,1171,11661,5071,20631,8971
3,13,28,3276,1669,14196,7229,30576,15569
3,13,29,3393,2989,14703,12949,32799,28885
3,13,31,3627,3343,15717,14483,37479,34535
3,13,32,3744,721,16224,3121,39936,7681
3,14,17,2142,1735,9996,8093,12138,9827
3,14,19,2394,145,11172,673,15162,913
3,14,23,2898,583,13524,2717,22218,4463
3,14,29,3654,151,17052,701,35322,1451
3,14,31,3906,2575,18228,12013,40362,26599
3,16,17,2448,1261,13056,6721,13872,7141
3,16,19,2736,2623,14592,13985,17328,16607
3,16,23,3312,1387,17664,7393,25392,10627
3,16,29,4176,433,22272,2305,40368,4177
3,16,31,4464,211,23808,1121,46128,2171
3,17,19,2907,2557,16473,14485,18411,16189
3,17,20,3060,781,17340,4421,20400,5201
3,17,22,3366,2359,19074,13363,24684,17293
3,17,23,3519,2473,19941,14009,26979,18953
3,17,26,3978,997,22542,5645,34476,8633
3,17,28,4284,3205,24276,18157,39984,29905
3,17,29,4437,718,25143,4064,42891,6932
3,17,31,4743,2602,26877,14740,49011,26878
3,17,32,4896,2509,27744,14213,52224,26753
3,19,20,3420,1783,21660,11287,22800,11881
3,19,22,3762,265,23826,1673,27588,1937
3,19,23,3933,2341,24909,14821,30153,17941
3,19,26,4446,955,28158,6043,38532,8269
3,19,28,4788,2875,30324,18203,44688,26825
3,19,29,4959,3547,31407,22459,47937,34279
3,19,31,5301,4441,33573,28121,54777,45881
3,19,32,5472,2575,34656,16303,58368,27457
3,20,23,4140,1519,27600,10121,31740,11639
3,20,29,5220,4273,34800,28481,50460,41297
3,20,31,5580,4267,37200,28441,57660,44083
3,22,23,4554,2395,33396,17557,34914,18355
3,22,29,5742,1351,42108,9901,55506,13051
3,22,31,6138,3307,45012,24245,63426,34163
3,23,26,5382,781,41262,5981,46644,6761
3,23,28,5796,5455,44436,41815,54096,50905
3,23,29,6003,3553,46023,27233,58029,34337
3,23,31,6417,3763,49197,28843,66309,38875
3,23,32,6624,3787,50784,29027,70656,40385
3,26,29,6786,4003,58812,34685,65598,38687
3,26,31,7254,1315,62868,11389,74958,13579
3,28,29,7308,3889,68208,36289,70644,37585
3,28,31,7812,3163,72912,29513,80724,32675
3,29,31,8091,7147,78213,69079,83607,73843
3,29,32,8352,5857,80736,56609,89088,62465
3,31,32,8928,4771,92256,49291,95232,50881
4,5,7,560,513,700,641,980,897
4,5,11,880,481,1100,601,2420,1321
4,5,13,1040,137,1300,171,3380,443
4,5,17,1360,873,1700,1091,5780,3707
4,5,19,1520,1409,1900,1761,7220,6689
4,5,23,1840,657,2300,821,10580,3773
4,5,29,2320,1049,2900,1311,16820,7599
4,5,31,2480,241,3100,301,19220,1861
4,7,11,1232,265,2156,463,3388,727
4,7,13,1456,1201,2548,2101,4732,3901
4,7,17,1904,337,3332,589,8092,1429
4,7,19,2128,1913,3724,3347,10108,9083
4,7,23,2576,2329,4508,4075,14812,13387
4,7,29,3248,2481,5684,4341,23548,17981
4,7,31,3472,57,6076,99,26908,435
4,11,13,2288,977,6292,2685,7436,3173
4,11,17,2992,641,8228,1761,12716,2721
4,11,19,3344,1017,9196,2795,15884,4827
4,11,23,4048,2009,11132,5523,23276,11547
4,11,29,5104,4753,14036,13069,37004,34453
4,11,31,5456,4985,15004,13707,42284,38627
4,13,17,3536,2313,11492,7515,15028,9827
4,13,19,3952,3921,12844,12741,18772,18621
4,13,23,4784,465,15548,1509,27508,2669
4,13,29,6032,1849,19604,6007,43732,13399
4,13,31,6448,1905,20956,6189,49972,14757
4,17,19,5168,2225,21964,9453,24548,10565
4,17,23,6256,2385,26588,10133,35972,13709
4,17,29,7888,793,33524,3367,57188,5743
4,17,31,8432,1537,35836,6529,65348,11905
4,19,23,6992,2393,33212,11363,40204,13755
4,19,29,8816,4913,41876,23333,63916,35613
4,19,31,9424,3369,44764,15999,73036,26103
4,23,29,10672,513,61364,2945,77372,3713
4,23,31,11408,6681,65596,38411,88412,51771
4,29,31,14384,13425,104284,97325,111476,104037
5,6,7,1050,481,1260,577,1470,673
5,6,11,1650,1541,1980,1849,3630,3389
5,6,13,1950,361,2340,433,5070,937
5,6,17,2550,1481,3060,1777,8670,5033
5,6,19,2850,1801,3420,2161,10830,6841
5,6,23,3450,1061,4140,1273,15870,4877
5,6,29,4350,4151,5220,4981,25230,24071
5,6,31,4650,1141,5580,1369,28830,7069
5,7,8,1400,1101,1960,1541,2240,1761
5,7,11,1925,81,2695,113,4235,177
5,7,12,2100,1021,2940,1429,5040,2449
5,7,13,2275,1251,3185,1751,5915,3251
5,7,16,2800,2381,3920,3333,8960,7617
5,7,17,2975,1046,4165,1464,10115,3554
5,7,18,3150,151,4410,211,11340,541
5,7,19,3325,2491,4655,3487,12635,9463
5,7,22,3850,3271,5390,4579,16940,14389
5,7,23,4025,3676,5635,5146,18515,16906
5,7,24,4200,2341,5880,3277,20160,11233
5,7,26,4550,3331,6370,4663,23660,17317
5,7,29,5075,716,7105,1002,29435,4148
5,7,31,5425,3706,7595,5188,33635,22972
5,7,32,5600,3021,7840,4229,35840,19329
5,8,11,2200,361,3520,577,4840,793
5,8,13,2600,1431,4160,2289,6760,3719
5,8,17,3400,1251,5440,2001,11560,4251
5,8,19,3800,3721,6080,5953,14440,14137
5,8,23,4600,1181,7360,1889,21160,5429
5,8,29,5800,2671,9280,4273,33640,15487
5,8,31,6200,4661,9920,7457,38440,28893
5,11,12,3300,281,7260,617,7920,673
5,11,13,3575,1686,7865,3708,9295,4382
5,11,14,3850,1201,8470,2641,10780,3361
5,11,16,4400,241,9680,529,14080,769
5,11,17,4675,2531,10285,5567,15895,8603
5,11,18,4950,3161,10890,6953,17820,11377
5,11,19,5225,801,11495,1761,19855,3041
5,11,23,6325,1436,13915,3158,29095,6602
5,11,24,6600,4601,14520,10121,31680,22081
5,11,26,7150,2141,15730,4709,37180,11129
5,11,28,7700,1761,16940,3873,43120,9857
5,11,29,7975,4426,17545,9736,46255,25666
5,11,31,8525,4441,18755,9769,52855,27529
5,11,32,8800,5681,19360,12497,56320,36353
5,12,13,3900,3151,9360,7561,10140,8191
5,12,17,5100,1871,12240,4489,17340,6359
5,12,19,5700,5641,13680,13537,21660,21433
5,12,23,6900,1301,16560,3121,31740,5981
5,12,29,8700,4091,20880,9817,50460,23723
5,12,31,9300,1981,22320,4753,57660,12277
5,13,14,4550,1321,11830,3433,12740,3697
5,13,16,5200,2711,13520,7047,16640,8673
5,13,17,5525,626,14365,1626,18785,2126
5,13,18,5850,181,15210,469,21060,649
5,13,19,6175,2246,16055,5838,23465,8532
5,13,22,7150,6251,18590,16251,31460,27501
5,13,23,7475,656,19435,1704,34385,3014
5,13,24,7800,7471,20280,19423,37440,35857
5,13,28,9100,3631,23660,9439,50960,20329
5,13,29,9425,2971,24505,7723,54665,17227
5,13,31,10075,9736,26195,25312,62465,60358
5,13,32,10400,8551,27040,22231,66560,54721
5,14,17,5950,591,16660,1653,20230,2007
5,14,19,6650,3611,18620,10109,25270,13719
5,14,23,8050,4621,22540,12937,37030,21253
5,14,29,10150,2011,28420,5629,58870,11659
5,14,31,10850,6751,30380,18901,67270,41851
5,16,17,6800,4731,21760,15137,23120,16083
5,16,19,7600,6601,24320,21121,28880,25081
5,16,23,9200,3661,29440,11713,42320,16837
5,16,29,11600,3351,37120,10721,67280,19431
5,16,31,12400,9941,39680,31809,76880,61629
5,17,18,7650,6251,26010,21251,27540,22501
5,17,19,8075,2216,27455,7532,30685,8418
5,17,22,9350,7921,31790,26929,41140,34849
5,17,23,9775,9726,33235,33066,44965,44736
5,17,24,10200,5891,34680,20027,48960,28273
5,17,26,11050,8881,37570,30193,57460,46177
5,17,28,11900,1851,40460,6291,66640,10361
5,17,29,12325,6291,41905,21387,71485,36483
5,17,31,13175,9431,44795,32063,81685,58467
5,17,32,13600,8171,46240,27779,87040,52289
5,18,19,8550,5971,30780,21493,32490,22687
5,18,23,10350,9431,37260,33949,47610,43379
5,18,29,13050,2621,46980,9433,75690,15197
5,18,31,13950,8461,50220,30457,86490,52453
5,19,22,10450,8941,39710,33973,45980,39337
5,19,23,10925,1571,41515,5967,50255,7223
5,19,24,11400,7561,43320,28729,54720,36289
5,19,26,12350,11801,46930,44841,64220,61361
5,19,28,13300,10821,50540,41117,74480,60593
5,19,29,13775,10136,52345,38514,79895,58784
5,19,31,14725,8776,55955,33346,91295,54406
5,19,32,15200,441,57760,1673,97280,2817
5,22,23,12650,10401,55660,45761,58190,47841
5,22,29,15950,4591,70180,20197,92510,26623
5,22,31,17050,9831,75020,43253,105710,60947
5,23,24,13800,1421,63480,6533,66240,6817
5,23,26,14950,13461,68770,61917,77740,69993
5,23,28,16100,3081,74060,14169,90160,17249
5,23,29,16675,10146,76705,46668,96715,58842
5,23,31,17825,8886,81995,40872,110515,55088
5,23,32,18400,9501,84640,43701,117760,60801
5,24,29,17400,17111,83520,82129,100920,99239
5,24,31,18600,11701,89280,56161,115320,72541
5,26,29,18850,12201,98020,63441,109330,70761
5,26,31,20150,4341,104780,22569,124930,26909
5,28,29,20300,10271,113680,57513,117740,59567
5,28,31,21700,5561,121520,31137,134540,34473
5,29,31,22475,21501,130355,124701,139345,133301
5,29,32,23200,791,134560,4583,148480,5057
5,31,32,24800,12581,153760,77997,158720,80513
6,7,11,2772,2053,3234,2395,5082,3763
6,7,13,3276,3121,3822,3641,7098,6761
6,7,17,4284,3421,4998,3991,12138,9691
6,7,19,4788,2005,5586,2339,15162,6347
6,7,23,5796,2125,6762,2479,22218,8143
6,7,29,7308,5041,8526,5881,35322,24361
6,7,31,7812,2581,9114,3011,40362,13331
6,11,13,5148,4969,9438,9109,11154,10765
6,11,17,6732,5917,12342,10847,19074,16763
6,11,19,7524,7273,13794,13333,23826,23029
6,11,23,9108,4405,16698,8075,34914,16883
6,11,29,11484,9841,21054,18041,55506,47561
6,11,31,12276,6625,22506,12145,63426,34225
6,13,17,7956,2917,17238,6319,22542,8263
6,13,19,8892,7981,19266,17291,28158,25271
6,13,23,10764,6229,23322,13495,41262,23875
6,13,29,13572,13141,29406,28471,65598,63511
6,13,31,14508,8701,31434,18851,74958,44951
6,17,19,11628,5437,32946,15403,36822,17215
6,17,23,14076,2209,39882,6257,53958,8465
6,17,29,17748,3901,50286,11051,85782,18851
6,17,31,18972,8893,53754,25195,98022,45943
6,19,23,15732,7741,49818,24511,60306,29671
6,19,29,19836,14257,62814,45145,95874,68905
6,19,31,21204,15361,67146,48641,109554,79361
6,23,29,24012,18445,92046,70703,116058,89147
6,23,31,25668,3961,98394,15181,132618,20461
6,29,31,32364,15193,156426,73429,167214,78493
7,8,11,4312,2283,4928,2609,6776,3587
7,8,13,5096,589,5824,673,9464,1093
7,8,17,6664,3193,7616,3649,16184,7753
7,8,19,7448,1835,8512,2097,20216,4979
7,8,23,9016,3935,10304,4497,29624,12927
7,8,29,11368,9493,12992,10849,47096,39325
7,8,31,12152,10543,13888,12049,53816,46687
7,10,11,5390,4803,7700,6861,8470,7547
7,10,13,6370,1051,9100,1501,11830,1951
7,10,17,8330,7379,11900,10541,20230,17919
7,10,19,9310,3767,13300,5381,25270,10223
7,10,23,11270,6161,16100,8801,37030,20241
7,10,29,14210,12797,20300,18281,58870,53013
7,10,31,15190,4733,21700,6761,67270,20957
7,11,12,6468,4327,10164,6799,11088,7417
7,11,13,7007,5678,11011,8922,13013,10544
7,11,16,8624,6427,13552,10099,19712,14689
7,11,17,9163,2010,14399,3158,22253,4880
7,11,18,9702,6049,15246,9505,24948,15553
7,11,19,10241,4131,16093,6491,27797,11211
7,11,20,10780,9843,16940,15467,30800,28121
7,11,23,12397,6868,19481,10792,40733,22564
7,11,24,12936,2059,20328,3235,44352,7057
7,11,26,14014,309,22022,485,52052,1145
7,11,29,15631,7281,24563,11441,64757,30161
7,11,30,16170,6133,25410,9637,69300,26281
7,11,31,16709,6763,26257,10627,73997,29947
7,11,32,17248,12811,27104,20131,78848,58561
7,12,13,7644,2633,13104,4513,14196,4889
7,12,17,9996,7393,17136,12673,24276,17953
7,12,19,11172,1331,19152,2281,30324,3611
7,12,23,13524,883,23184,1513,44436,2899
7,12,29,17052,13105,29232,22465,70644,54289
7,12,31,18228,11999,31248,20569,80724,53135
7,13,16,10192,2381,18928,4421,23296,5441
7,13,17,10829,8744,20111,16238,26299,21234
7,13,18,11466,9941,21294,18461,29484,25561
7,13,19,12103,6553,22477,12169,32851,17785
7,13,20,12740,701,23660,1301,36400,2001
7,13,22,14014,2059,26026,3823,44044,6469
7,13,23,14651,2234,27209,4148,48139,7338
7,13,24,15288,9773,28392,18149,52416,33505
7,13,29,18473,18033,34307,33489,76531,74705
7,13,30,19110,11201,35490,20801,81900,48001
7,13,31,19747,7666,36673,14236,87451,33946
7,13,32,20384,13469,37856,25013,93184,61569
7,16,17,13328,12825,30464,29313,32368,31145
7,16,19,14896,4803,34048,10977,40432,13035
7,16,23,18032,15135,41216,34593,59248,49727
7,16,29,22736,701,51968,1601,94192,2901
7,16,31,24304,12727,55552,29089,107632,56359
7,17,18,14994,13525,36414,32845,38556,34777
7,17,19,15827,9304,38437,22594,42959,25252
7,17,20,16660,4089,40460,9929,47600,11681
7,17,22,18326,13483,44506,32743,57596,42373
7,17,23,19159,12678,46529,30788,62951,41654
7,17,24,19992,11593,48552,28153,68544,39745
7,17,26,21658,11019,52598,26759,80444,40925
7,17,29,24157,20245,58667,49165,100079,83869
7,17,30,24990,22429,60690,54469,107100,96121
7,17,31,25823,16787,62713,40767,114359,74339
7,17,32,26656,17641,64736,42841,121856,80641
7,18,19,16758,6581,43092,16921,45486,17861
7,18,23,20286,2605,52164,6697,66654,8557
7,18,29,25578,9829,65772,25273,105966,40717
7,18,31,27342,11957,70308,30745,121086,52949
7,19,20,18620,3907,50540,10603,53200,11161
7,19,22,20482,9675,55594,26259,64372,30405
7,19,23,21413,2549,58121,6917,70357,8373
7,19,24,22344,827,60648,2243,76608,2833
7,19,26,24206,4369,65702,11857,89908,16225
7,19,29,26999,3501,73283,9501,111853,14501
7,19,30,27930,16367,75810,44423,119700,70141
7,19,31,28861,21946,78337,59566,127813,97186
7,19,32,29792,2563,80864,6955,136192,11713
7,20,23,22540,3851,64400,11001,74060,12651
7,20,29,28420,8037,81200,22961,117740,33293
7,20,31,30380,8303,86800,23721,134540,36767
7,22,23,24794,19419,77924,61029,81466,63803
7,22,29,31262,5279,98252,16589,129514,21867
7,22,31,33418,4761,105028,14961,147994,21081
7,23,24,27048,6847,88872,22495,92736,23473
7,23,26,29302,15975,96278,52487,108836,59333
7,23,29,32683,64,107387,208,135401,262
7,23,30,33810,25621,111090,84181,144900,109801
7,23,31,34937,4740,114793,15572,154721,20988
7,23,32,36064,2703,118496,8879,164864,12353
7,24,29,34104,16717,116928,57313,141288,69253
7,24,31,36456,25607,124992,87793,161448,113399
7,26,29,36946,36233,137228,134577,153062,150105
7,26,31,39494,22681,146692,84241,174902,100441
7,29,30,42630,39607,176610,164083,182700,169741
7,29,31,44051,42148,182497,174610,195083,186652
7,29,32,45472,13357,188384,55333,207872,61057
7,30,31,45570,24683,195300,105781,201810,109307
7,31,32,48608,44199,215264,195735,222208,202049
8,11,13,9152,8961,12584,12321,14872,14561
8,11,17,11968,9697,16456,13333,25432,20605
8,11,19,13376,11857,18392,16303,31768,28159
8,11,23,16192,14897,22264,20483,46552,42827
8,11,29,20416,20033,28072,27545,74008,72617
8,11,31,21824,10993,30008,15115,84568,42595
8,13,17,14144,7057,22984,11467,30056,14995
8,13,19,15808,14017,25688,22777,37544,33289
8,13,23,19136,33,31096,53,55016,93
8,13,29,24128,305,39208,495,87464,1103
8,13,31,25792,18721,41912,30421,99944,72541
8,17,19,20672,11233,43928,23869,49096,26677
8,17,23,25024,20801,53176,44201,71944,59801
8,17,29,31552,30673,67048,65179,114376,111187
8,17,31,33728,12033,71672,25569,130696,46625
8,19,23,27968,20081,66424,47691,80408,57731
8,19,29,35264,14785,83752,35113,127832,53593
8,19,31,37696,22641,89528,53771,146072,87731
8,23,29,42688,9697,122728,27877,154744,35149
8,23,31,45632,41169,131192,118359,176824,159527
8,29,31,57536,45729,208568,165765,222952,177197
10,11,13,14300,9521,15730,10473,18590,12377
10,11,17,18700,761,20570,837,31790,1293
10,11,19,20900,3901,22990,4291,39710,7411
10,11,23,25300,11221,27830,12343,58190,25807
10,11,29,31900,31501,35090,34651,92510,91351
10,11,31,34100,22181,37510,24399,105710,68759
10,13,17,22100,16501,28730,21451,37570,28051
10,13,19,24700,21041,32110,27353,46930,39977
10,13,23,29900,16561,38870,21529,68770,38089
10,13,29,37700,1041,49010,1353,109330,3017
10,13,31,40300,12621,52390,16407,124930,39123
10,17,19,32300,24781,54910,42127,61370,47083
10,17,23,39100,34701,66470,58991,89930,79811
10,17,29,49300,33781,83810,57427,142970,97963
10,17,31,52700,38361,89590,65213,163370,118917
10,19,23,43700,14941,83030,28387,100510,34363
10,19,29,55100,19721,104690,37469,159790,57189
10,19,31,58900,41701,111910,79231,182590,129271
10,23,29,66700,51641,153410,118773,193430,149757
10,23,31,71300,69821,163990,160587,221030,216443
10,29,31,89900,43901,260710,127311,278690,136091
11,12,13,18876,9241,20592,10081,22308,10921
11,12,17,24684,11705,26928,12769,38148,18089
11,12,19,27588,5479,30096,5977,47652,9463
11,12,23,33396,32891,36432,35881,69828,68771
11,12,29,42108,37049,45936,40417,111012,97673
11,12,31,45012,40591,49104,44281,126852,114391
11,13,14,22022,2069,26026,2445,28028,2633
11,13,16,25168,13993,29744,16537,36608,20353
11,13,17,26741,3543,31603,4187,41327,5475
11,13,18,28314,25015,33462,29563,46332,40933
11,13,19,29887,100,35321,118,51623,172
11,13,20,31460,25653,37180,30317,57200,46641
11,13,23,36179,7184,42757,8490,75647,15020
11,13,24,37752,18745,44616,22153,82368,40897
11,13,28,44044,37181,52052,43941,112112,94641
11,13,29,45617,17997,53911,21269,120263,47445
11,13,30,47190,14983,55770,17707,128700,40861
11,13,31,48763,22870,57629,27028,137423,64450
11,13,32,50336,33705,59488,39833,146432,98049
11,14,17,28798,4775,36652,6077,44506,7379
11,14,19,32186,8955,40964,11397,55594,15467
11,14,23,38962,2245,49588,2857,81466,4693
11,14,29,49126,47785,62524,60817,129514,125977
11,14,31,52514,43583,66836,55469,147994,122823
11,16,17,32912,31461,47872,45761,50864,48621
11,16,19,36784,27655,53504,40225,63536,47767
11,16,23,44528,5699,64768,8289,93104,11915
11,16,29,56144,41801,81664,60801,148016,110201
11,16,31,60016,15819,87296,23009,169136,44579
11,17,18,37026,7877,57222,12173,60588,12889
11,17,19,39083,870,60401,1344,67507,1502
11,17,20,41140,8757,63580,13533,74800,15921
11,17,23,47311,25620,73117,39594,98923,53568
11,17,24,49368,42989,76296,66437,107712,93793
11,17,26,53482,53307,82654,82383,126412,125997
11,17,28,57596,41581,89012,64261,146608,105841
11,17,29,59653,35828,92191,55370,157267,94454
11,17,30,61710,31967,95370,49403,168300,87181
11,17,31,63767,16743,98549,25875,179707,47183
11,17,32,65824,24069,101728,37197,191488,70017
11,18,19,41382,7459,67716,12205,71478,12883
11,18,23,50094,2201,81972,3601,104742,4601
11,18,29,63162,1277,103356,2089,166518,3365
11,18,31,67518,20065,110484,32833,190278,56545
11,19,20,45980,17051,79420,29451,83600,31001
11,19,23,52877,51701,91333,89301,110561,108101
11,19,24,55176,49831,95304,86071,120384,108721
11,19,26,59774,48291,103246,83411,141284,114141
11,19,28,64372,10187,111188,17595,163856,25929
11,19,29,66671,9516,115159,16436,175769,25086
11,19,30,68970,36631,119130,63271,188100,99901
11,19,31,71269,8823,123101,15239,200849,24863
11,19,32,73568,60919,127072,105223,214016,177217
11,20,23,55660,51723,101200,94041,116380,108147
11,20,29,70180,55881,127600,101601,185020,147321
11,20,31,75020,12959,136400,23561,211420,36519
11,23,24,66792,45299,139656,94715,145728,98833
11,23,26,72358,61667,151294,128939,171028,145757
11,23,28,77924,66155,162932,138323,198352,168393
11,23,29,80707,23255,168751,48623,212773,61307
11,23,30,83490,27743,174570,58007,227700,75661
11,23,31,86273,4291,180389,8971,243133,12091
11,23,32,89056,42835,186208,89563,259072,124609
11,24,29,84216,46553,183744,101569,222024,122729
11,24,31,90024,66067,196416,144145,253704,186187
11,26,29,91234,30009,215644,70929,240526,79113
11,26,31,97526,55331,230516,130781,274846,155931
11,28,29,98252,65957,250096,167889,259028,173885
11,28,31,105028,7547,267344,19209,295988,21267
11,29,30,105270,86351,277530,227651,287100,235501
11,29,31,108779,35795,286781,94367,306559,100875
11,29,32,112288,20857,296032,54985,326656,60673
11,30,31,112530,21649,306900,59041,317130,61009
11,31,32,120032,16171,338272,45571,349184,47041
12,13,17,31824,15337,34476,16615,45084,21727
12,13,19,35568,32017,38532,34685,56316,50693
12,13,23,43056,37873,46644,41029,82524,72589
12,13,29,54288,47017,58812,50935,131196,113623
12,13,31,58032,48433,62868,52469,149916,125117
12,17,19,46512,46081,65892,65281,73644,72961
12,17,23,56304,1681,79764,2381,107916,3221
12,17,29,70992,36889,100572,52259,171564,89147
12,17,31,75888,30961,107508,43861,196044,79981
12,19,23,62928,2809,99636,4447,120612,5383
12,19,29,79344,15841,125628,25081,191748,38281
12,19,31,84816,79609,134292,126047,219108,205655
12,23,29,96048,72241,184092,138461,232116,174581
12,23,31,102672,30025,196788,57547,265236,77563
12,29,31,129456,63649,312852,153817,334428,164425
13,14,17,40222,5773,43316,6217,52598,7549
13,14,19,44954,28913,48412,31137,65702,42257
13,14,23,54418,14977,58604,16129,96278,26497
13,14,29,68614,28939,73892,31165,153062,64555
13,14,31,73346,10869,78988,11705,174902,25917
13,16,17,45968,13443,56576,16545,60112,17579
13,16,19,51376,8529,63232,10497,75088,12465
13,16,23,62192,30421,76544,37441,110032,53821
13,16,29,78416,17343,96512,21345,174928,38687
13,16,31,83824,21581,103168,26561,199888,51461
13,17,18,51714,20047,67626,26215,71604,27757
13,17,19,54587,39612,71383,51800,79781,57894
13,17,20,57460,52911,75140,69191,88400,81401
13,17,22,63206,32787,82654,42875,106964,55485
13,17,23,66079,24662,86411,32250,116909,43632
13,17,24,68952,21763,90168,28459,127296,40177
13,17,28,80444,30707,105196,40155,173264,66137
13,17,29,83317,26118,108953,34154,185861,58262
13,17,30,86190,53821,112710,70381,198900,124201
13,17,31,89063,42017,116467,54945,212381,100193
13,17,32,91936,25923,120224,33899,226304,63809
13,18,19,57798,34061,80028,47161,84474,49781
13,18,23,69966,65755,96876,91045,123786,116335
13,18,29,88218,87829,122148,121609,196794,195925
13,18,31,94302,11285,130572,15625,224874,26909
13,19,20,64220,62193,93860,90897,98800,95681
13,19,22,70642,56603,103246,82727,119548,95789
13,19,23,73853,48309,107939,70605,130663,85469
13,19,24,77064,72281,112632,105641,142272,133441
13,19,28,89908,37285,131404,54493,193648,80305
13,19,29,93119,65144,136097,95210,207727,145320
13,19,30,96330,95213,140790,139157,222300,219721
13,19,31,99541,45553,145483,66577,237367,108625
13,19,32,102752,39937,150176,58369,252928,98305
13,20,23,77740,2289,119600,3521,137540,4049
13,20,29,98020,71683,150800,110281,218660,159907
13,20,31,104780,103637,161200,159441,249860,247133
13,22,23,85514,5487,144716,9285,151294,9707
13,22,29,107822,42433,182468,71809,240526,94657
13,22,31,115258,27743,195052,46949,274846,66155
13,23,24,93288,19813,165048,35053,172224,36577
13,23,28,108836,61205,192556,108285,234416,131825
13,23,29,112723,62531,199433,110631,251459,139491
13,23,30,116610,99529,206310,176089,269100,229681
13,23,31,120497,23674,213187,41884,287339,56452
13,23,32,124384,45605,220064,80685,306176,112257
13,24,29,117624,62167,217152,114769,262392,138679
13,24,31,125736,116429,232128,214945,299832,277637
13,28,29,137228,60971,295568,131321,306124,136011
13,28,31,146692,137541,315952,296241,349804,327981
13,29,30,147030,111463,327990,248647,339300,257221
13,29,31,151931,52846,338923,117886,362297,126016
13,29,32,156832,64975,349856,144943,386048,159937
13,30,31,157170,97787,362700,225661,374790,233183
13,31,32,167648,163853,399776,390725,412672,403329
14,17,19,63308,27329,76874,33185,85918,37089
14,17,23,76636,64065,93058,77793,125902,105249
14,17,29,96628,24221,117334,29411,200158,50171
14,17,31,103292,57289,125426,69565,228718,126853
14,19,23,85652,64093,116242,86983,140714,105295
14,19,29,107996,36205,146566,49135,223706,74995
14,19,31,115444,101025,156674,137105,255626,223697
14,23,29,130732,20805,214774,34179,270802,43095
14,23,31,139748,30157,229586,49543,309442,66775
14,29,31,176204,104973,364994,217443,390166,232439
16,17,19,82688,29249,87856,31077,98192,34733
16,17,23,100096,20097,106352,21353,143888,28889
16,17,29,126208,74657,134096,79323,228752,135315
16,17,31,134912,33025,143344,35089,261392,63985
16,19,23,111872,83425,132848,99067,160816,119923
16,19,29,141056,16897,167504,20065,255664,30625
16,19,31,150784,42337,179056,50275,292144,82027
16,23,29,170752,6721,245456,9661,309488,12181
16,23,31,182528,178593,262384,256727,353648,346023
16,29,31,230144,167873,417136,304269,445904,325253
17,18,19,98838,48961,104652,51841,110466,54721
17,18,23,119646,27677,126684,29305,161874,37445
17,18,29,150858,133043,159732,140869,257346,226955
17,18,31,161262,50083,170748,53029,294066,91327
17,19,20,109820,45697,122740,51073,129200,53761
17,19,22,120802,60997,135014,68173,156332,78937
17,19,23,126293,27541,141151,30781,170867,37261
17,19,24,131784,106693,147288,119245,186048,150625
17,19,26,142766,42297,159562,47273,218348,64689
17,19,28,153748,134573,171836,150405,253232,221649
17,19,29,159239,25977,177973,29033,271643,44313
17,19,30,164730,101797,184110,113773,290700,179641
17,19,31,170221,150230,190247,167904,310403,273948
17,19,32,175712,144501,196384,161501,330752,272001
17,20,23,132940,22101,156400,26001,179860,29901
17,20,29,167620,75447,197200,88761,285940,128703
17,20,31,179180,36993,210800,43521,326740,67457
17,22,23,146234,35667,189244,46157,197846,48255
17,22,29,184382,45085,238612,58345,314534,76909
17,22,31,197098,44201,255068,57201,359414,80601
17,23,24,159528,120089,215832,162473,225216,169537
17,23,26,172822,45289,233818,61273,264316,69265
17,23,28,186116,171089,251804,231473,306544,281793
17,23,29,192763,104398,260797,141244,328831,178090
17,23,30,199410,31961,269790,43241,351900,56401
17,23,31,206057,48893,278783,66149,375751,89157
17,23,32,212704,9929,287776,13433,400384,18689
17,24,29,201144,173435,283968,244849,343128,295859
17,24,31,215016,133825,303552,188929,392088,244033
17,26,29,217906,84763,333268,129637,371722,144595
17,26,31,232934,139367,356252,213149,424762,254139
17,28,29,234668,195535,386512,322057,400316,333559
17,28,31,250852,146677,413168,241585,457436,267469
17,29,30,251430,137327,428910,234263,443700,242341
17,29,31,259811,37503,443207,63975,473773,68387
17,29,32,268192,86395,457504,147379,504832,162625
17,30,31,268770,87313,474300,154081,490110,159217
17,31,32,286688,254865,522784,464753,539648,479745
18,19,23,141588,108001,149454,114001,180918,138001
18,19,29,178524,96769,188442,102145,287622,155905
18,19,31,190836,122653,201438,129467,328662,211235
18,23,29,216108,150049,276138,191729,348174,241745
18,23,31,231012,158761,295182,202861,397854,273421
18,29,31,291276,15013,469278,24187,501642,25855
19,20,23,166060,122627,174800,129081,201020,148443
19,20,29,209380,167809,220400,176641,319580,256129
19,20,31,223820,130151,235600,137001,365180,212351
19,22,23,182666,128175,211508,148413,221122,155159
19,22,29,230318,162527,266684,188189,351538,248067
19,22,31,246202,165301,285076,191401,401698,269701
19,23,24,199272,94051,241224,113851,251712,118801
19,23,26,215878,102221,261326,123741,295412,139881
19,23,28,232484,68895,281428,83399,342608,101529
19,23,29,240787,88313,291479,106905,367517,134793
19,23,30,249090,181717,301530,219973,393300,286921
19,23,31,257393,205885,311581,249229,419957,335917
19,23,32,265696,58331,321632,70611,447488,98241
19,24,29,251256,15049,317376,19009,383496,22969
19,24,31,268584,198323,339264,250513,438216,323579
19,26,29,272194,65817,372476,90065,415454,100457
19,26,31,290966,23105,398164,31617,474734,37697
19,28,29,293132,288801,431984,425601,447412,440801
19,28,31,313348,215043,461776,316905,511252,350859
19,29,30,314070,176359,479370,269179,495900,278461
19,29,31,324539,253233,495349,386513,529511,413169
19,29,32,335008,54417,511328,83057,564224,91649
19,30,31,335730,333641,530100,526801,547770,544361
19,31,32,358112,3763,584288,6139,603136,6337
20,23,29,266800,101281,306820,116473,386860,146857
20,23,31,285200,156041,327980,179447,442060,241863
20,29,31,359600,358401,521420,519681,557380,555521
22,23,29,322828,180577,337502,188785,425546,238033
22,23,31,345092,287365,360778,300427,486266,404923
22,29,31,435116,65297,573562,86073,613118,92009
23,24,29,368184,126317,384192,131809,464232,159269
23,24,31,393576,127927,410688,133489,530472,172423
23,26,29,398866,66379,450892,75037,502918,83695
23,26,31,426374,128295,481988,145029,574678,172919
23,28,29,429548,212245,522928,258385,541604,267613
23,28,31,459172,353511,558992,430361,618884,476471
23,29,30,460230,13433,580290,16937,600300,17521
23,29,31,475571,237890,599633,299948,640987,320634
23,29,32,490912,61917,618976,78069,683008,86145
23,30,31,491970,240397,641700,313561,663090,324013
23,31,32,524768,325911,707296,439271,730112,453441
24,29,31,517824,290017,625704,350437,668856,374605
26,29,31,607724,496757,677846,554075,724594,592287
28,29,31,704816,494929,729988,512605,780332,547957
29,30,31,782130,389761,809100,403201,836070,416641
29,31,32,834272,60669,891808,64853,920576,66945
